[
  {
    "id": "8af1042a-0388-401a-9363-e93fd69cee11",
    "data": [
      {
        "text": "can you share me your first learning experience?",
        "userDefined": false
      }
    ],
    "isTemplate": false,
    "count": 0,
    "lang": "en",
    "updated": 0
  },
  {
    "id": "087dd264-7dc1-46da-8bb5-c3c927b48fe2",
    "data": [
      {
        "text": "what did you learn for very ",
        "userDefined": false
      },
      {
        "text": "first",
        "meta": "@sys.ordinal",
        "alias": "ordinal",
        "userDefined": false
      },
      {
        "text": " time",
        "userDefined": false
      }
    ],
    "isTemplate": false,
    "count": 0,
    "lang": "en",
    "updated": 0
  },
  {
    "id": "084c4e48-cfbd-4178-8191-c67f64d1d3dd",
    "data": [
      {
        "text": "what is your ",
        "userDefined": false
      },
      {
        "text": "first",
        "meta": "@sys.ordinal",
        "alias": "ordinal",
        "userDefined": true
      },
      {
        "text": " learning statement",
        "userDefined": false
      }
    ],
    "isTemplate": false,
    "count": 0,
    "lang": "en",
    "updated": 0
  },
  {
    "id": "893481ce-b871-474b-a798-ed751923f1b1",
    "data": [
      {
        "text": "hey!which statement you learn ",
        "userDefined": false
      },
      {
        "text": "first",
        "meta": "@sys.ordinal",
        "alias": "ordinal",
        "userDefined": false
      },
      {
        "text": ".",
        "userDefined": false
      }
    ],
    "isTemplate": false,
    "count": 0,
    "lang": "en",
    "updated": 0
  }
]